True-diplotype	Called-diplotype	Correct	Correct-alleles	Missed-alleles
*10/*10	*10/*10	100%	*10;*10	
*10/*11	*10/*11	100%	*10;*11	
*10/*12	*10/*12	100%	*10;*12	
*10/*13	*10/*13	100%	*10;*13	
*10/*14	*10/*14	100%	*10;*14	
*10/*15	*10/*15	100%	*10;*15	
*10/*16	*10/*16	100%	*10;*16	
*10/*17	*10/*17	100%	*10;*17	
*10/*18	*10/*18	100%	*10;*18	
*10/*19	*10/*19	100%	*10;*19	
*10/*22	*10/*22	100%	*10;*22	
*10/*23	*10/*23	100%	*10;*23	
*10/*24	*10/*24	100%	*10;*24	
*10/*25	*10/*25	100%	*10;*25	
*10/*26	*10/*26	100%	*10;*26	
*10/*28	*10/*28	100%	*10;*28	
*10/*29	*10/*29	100%	*10;*29	
*10/*30	*10/*30	100%	*10;*30	
*10/*31	*10/*31	100%	*10;*31	
*10/*32	*10/*32	100%	*10;*32	
*10/*33	*10/*33	100%	*10;*33	
*10/*34	*10/*34	100%	*10;*34	
*10/*35	*10/*35	100%	*10;*35	
*10/*36	*10/*10	50%	*10	*36
*10/*36	*10/*10	50%	*10	*36
*10/*37	*10/*38	50%	*10	*37
*10/*37	*10/*38	50%	*10	*37
*10/*37	*10/*38	50%	*10	*37
*10/*37	*10/*10	50%	*10	*37
*10/*37	*10/*10	50%	*10	*37
*10/*38	*10/*38	100%	*10;*38	
*10/*39	*10/*39	100%	*10;*39	
*1/*10	*1/*10	100%	*1;*10	
*11/*11	*11/*11	100%	*11;*11	
*11/*12	*11/*12	100%	*11;*12	
*11/*13	*11/*13	100%	*11;*13	
*11/*14	*11/*14	100%	*11;*14	
*11/*15	*11/*15	100%	*11;*15	
*11/*16	*11/*16	100%	*11;*16	
*11/*17	*11/*17	100%	*11;*17	
*11/*18	*11/*18	100%	*11;*18	
*11/*19	*11/*19	100%	*11;*19	
*1/*11	*1/*11	100%	*1;*11	
*11/*22	*11/*22	100%	*11;*22	
*11/*23	*11/*23	100%	*11;*23	
*11/*24	*11/*24	100%	*11;*24	
*11/*25	*11/*25	100%	*11;*25	
*11/*26	*11/*26	100%	*11;*26	
*11/*28	*11/*28	100%	*11;*28	
*11/*29	*11/*29	100%	*11;*29	
*1/*12	*1/*12	100%	*1;*12	
*11/*30	*11/*30	100%	*11;*30	
*11/*31	*11/*31	100%	*11;*31	
*11/*32	*11/*32	100%	*11;*32	
*11/*33	*11/*33	100%	*11;*33	
*11/*34	*11/*34	100%	*11;*34	
*11/*35	*11/*35	100%	*11;*35	
*11/*36	*11/*11	50%	*11	*36
*11/*36	*11/*11	50%	*11	*36
*11/*37	*11/*38	50%	*11	*37
*11/*37	*11/*38	50%	*11	*37
*11/*37	*11/*38	50%	*11	*37
*11/*37	*11/*11	50%	*11	*37
*11/*37	*11/*11	50%	*11	*37
*11/*38	*11/*38	100%	*11;*38	
*11/*39	*11/*39	100%	*11;*39	
*1/*13	*1/*13	100%	*1;*13	
*1/*14	*1/*14	100%	*1;*14	
*1/*15	*1/*15	100%	*1;*15	
*1/*16	*1/*16	100%	*1;*16	
*1/*17	*1/*17	100%	*1;*17	
*1/*18	*1/*18	100%	*1;*18	
*1/*19	*1/*19	100%	*1;*19	
*1/*1	*1/*1	100%	*1;*1	
*12/*12	*12/*12	100%	*12;*12	
*12/*13	*12/*13	100%	*12;*13	
*12/*14	*12/*14	100%	*12;*14	
*12/*15	*12/*15	100%	*12;*15	
*12/*16	*12/*16	100%	*12;*16	
*12/*17	*12/*17	100%	*12;*17	
*12/*18	*12/*18	100%	*12;*18	
*12/*19	*12/*19	100%	*12;*19	
*12/*22	*12/*22	100%	*12;*22	
*12/*23	*12/*23	100%	*12;*23	
*12/*24	*12/*24	100%	*12;*24	
*12/*25	*12/*25	100%	*12;*25	
*12/*26	*12/*26	100%	*12;*26	
*12/*28	*12/*28	100%	*12;*28	
*12/*29	*12/*29	100%	*12;*29	
*1/*22	*1/*22	100%	*1;*22	
*12/*30	*12/*30	100%	*12;*30	
*12/*31	*12/*31	100%	*12;*31	
*12/*32	*12/*32	100%	*12;*32	
*12/*33	*12/*33	100%	*12;*33	
*12/*34	*12/*34	100%	*12;*34	
*12/*35	*12/*35	100%	*12;*35	
*12/*36	*12/*12	50%	*12	*36
*12/*36	*12/*12	50%	*12	*36
*12/*37	*12/*38	50%	*12	*37
*12/*37	*12/*38	50%	*12	*37
*12/*37	*12/*38	50%	*12	*37
*12/*37	*1/*12	50%	*12	*37
*12/*37	*1/*12	50%	*12	*37
*12/*38	*12/*38	100%	*12;*38	
*12/*39	*12/*39	100%	*12;*39	
*1/*23	*1/*23	100%	*1;*23	
*1/*24	*1/*24	100%	*1;*24	
*1/*25	*1/*25	100%	*1;*25	
*1/*26	*1/*26	100%	*1;*26	
*1/*28	*1/*28	100%	*1;*28	
*1/*29	*1/*29	100%	*1;*29	
*1/*2	*1/*2	100%	*1;*2	
*1/*30	*1/*30	100%	*1;*30	
*13/*13	*13/*13	100%	*13;*13	
*13/*14	*13/*14	100%	*13;*14	
*13/*15	*13/*15	100%	*13;*15	
*13/*16	*13/*16	100%	*13;*16	
*13/*17	*13/*17	100%	*13;*17	
*13/*18	*13/*18	100%	*13;*18	
*13/*19	*13/*19	100%	*13;*19	
*1/*31	*1/*31	100%	*1;*31	
*13/*22	*13/*22	100%	*13;*22	
*13/*23	*13/*23	100%	*13;*23	
*13/*24	*13/*24	100%	*13;*24	
*13/*25	*13/*25	100%	*13;*25	
*13/*26	*13/*26	100%	*13;*26	
*13/*28	*13/*28	100%	*13;*28	
*13/*29	*13/*29	100%	*13;*29	
*1/*32	*1/*32	100%	*1;*32	
*13/*30	*13/*30	100%	*13;*30	
*13/*31	*13/*31	100%	*13;*31	
*13/*32	*13/*32	100%	*13;*32	
*13/*33	*13/*33	100%	*13;*33	
*13/*34	*13/*34	100%	*13;*34	
*13/*35	*13/*35	100%	*13;*35	
*13/*36	*13/*13	50%	*13	*36
*13/*36	*13/*13	50%	*13	*36
*13/*37	*13/*38	50%	*13	*37
*13/*37	*13/*38	50%	*13	*37
*13/*37	*13/*38	50%	*13	*37
*13/*37	*1/*13	50%	*13	*37
*13/*37	*1/*13	50%	*13	*37
*13/*38	*13/*38	100%	*13;*38	
*13/*39	*13/*39	100%	*13;*39	
*1/*33	*1/*33	100%	*1;*33	
*1/*34	*1/*34	100%	*1;*34	
*1/*35	*1/*35	100%	*1;*35	
*1/*36	*1/*1	50%	*1	*36
*1/*36	*1/*1	50%	*1	*36
*1/*37	*1/*38	50%	*1	*37
*1/*37	*1/*38	50%	*1	*37
*1/*37	*1/*38	50%	*1	*37
*1/*37	*1/*1	50%	*1	*37
*1/*37	*1/*1	50%	*1	*37
*1/*38	*1/*38	100%	*1;*38	
*1/*39	*1/*39	100%	*1;*39	
*1/*3	*1/*3	100%	*1;*3	
*14/*14	*14/*14	100%	*14;*14	
*14/*15	*14/*15	100%	*14;*15	
*14/*16	*14/*16	100%	*14;*16	
*14/*17	*14/*17	100%	*14;*17	
*14/*18	*14/*18	100%	*14;*18	
*14/*19	*14/*19	100%	*14;*19	
*14/*22	*14/*22	100%	*14;*22	
*14/*23	*14/*23	100%	*14;*23	
*14/*24	*14/*24	100%	*14;*24	
*14/*25	*14/*25	100%	*14;*25	
*14/*26	*14/*26	100%	*14;*26	
*14/*28	*14/*28	100%	*14;*28	
*14/*29	*14/*29	100%	*14;*29	
*14/*30	*14/*30	100%	*14;*30	
*14/*31	*14/*31	100%	*14;*31	
*14/*32	*14/*32	100%	*14;*32	
*14/*33	*14/*33	100%	*14;*33	
*14/*34	*14/*34	100%	*14;*34	
*14/*35	*14/*35	100%	*14;*35	
*14/*36	*14/*14	50%	*14	*36
*14/*36	*14/*14	50%	*14	*36
*14/*37	*14/*38	50%	*14	*37
*14/*37	*14/*38	50%	*14	*37
*14/*37	*14/*38	50%	*14	*37
*14/*37	*14/*14	50%	*14	*37
*14/*37	*14/*14	50%	*14	*37
*14/*38	*14/*38	100%	*14;*38	
*14/*39	*14/*39	100%	*14;*39	
*1/*4	*1/*4	100%	*1;*4	
*15/*15	*15/*15	100%	*15;*15	
*15/*16	*15/*16	100%	*15;*16	
*15/*17	*15/*17	100%	*15;*17	
*15/*18	*15/*18	100%	*15;*18	
*15/*19	*15/*19	100%	*15;*19	
*15/*22	*15/*22	100%	*15;*22	
*15/*23	*15/*23	100%	*15;*23	
*15/*24	*15/*24	100%	*15;*24	
*15/*25	*15/*25	100%	*15;*25	
*15/*26	*15/*26	100%	*15;*26	
*15/*28	*15/*28	100%	*15;*28	
*15/*29	*15/*29	100%	*15;*29	
*15/*30	*15/*30	100%	*15;*30	
*15/*31	*15/*31	100%	*15;*31	
*15/*32	*15/*32	100%	*15;*32	
*15/*33	*15/*33	100%	*15;*33	
*15/*34	*15/*34	100%	*15;*34	
*15/*35	*1/*35	50%	*35	*15
*15/*36	*15/*15	50%	*15	*36
*15/*36	*15/*15	50%	*15	*36
*15/*37	*15/*15	50%	*15	*37
*15/*37	*15/*38	50%	*15	*37
*15/*37	*15/*38	50%	*15	*37
*15/*37	*15/*15	50%	*15	*37
*15/*37	*15/*15	50%	*15	*37
*15/*38	*15/*38	100%	*15;*38	
*15/*39	*15/*39	100%	*15;*39	
*1/*5	*1/*5	100%	*1;*5	
*16/*16	*16/*16	100%	*16;*16	
*16/*17	*16/*17	100%	*16;*17	
*16/*18	*16/*18	100%	*16;*18	
*16/*19	*16/*19	100%	*16;*19	
*16/*22	*16/*22	100%	*16;*22	
*16/*23	*16/*23	100%	*16;*23	
*16/*24	*16/*24	100%	*16;*24	
*16/*25	*16/*25	100%	*16;*25	
*16/*26	*16/*26	100%	*16;*26	
*16/*28	*16/*28	100%	*16;*28	
*16/*29	*16/*29	100%	*16;*29	
*16/*30	*16/*30	100%	*16;*30	
*16/*31	*16/*31	100%	*16;*31	
*16/*32	*16/*32	100%	*16;*32	
*16/*33	*16/*33	100%	*16;*33	
*16/*34	*16/*34	100%	*16;*34	
*16/*35	*16/*35	100%	*16;*35	
*16/*36	*16/*16	50%	*16	*36
*16/*36	*16/*16	50%	*16	*36
*16/*37	*16/*38	50%	*16	*37
*16/*37	*16/*38	50%	*16	*37
*16/*37	*16/*38	50%	*16	*37
*16/*37	*16/*38	50%	*16	*37
*16/*37	*16/*38	50%	*16	*37
*16/*38	*16/*38	100%	*16;*38	
*16/*39	*16/*39	100%	*16;*39	
*1/*6	*1/*6	100%	*1;*6	
*17/*17	*17/*17	100%	*17;*17	
*17/*18	*17/*18	100%	*17;*18	
*17/*19	*17/*19	100%	*17;*19	
*17/*22	*17/*22	100%	*17;*22	
*17/*23	*17/*23	100%	*17;*23	
*17/*24	*17/*24	100%	*17;*24	
*17/*25	*17/*25	100%	*17;*25	
*17/*26	*17/*26	100%	*17;*26	
*17/*28	*17/*28	100%	*17;*28	
*17/*29	*17/*29	100%	*17;*29	
*17/*30	*17/*30	100%	*17;*30	
*17/*31	*17/*31	100%	*17;*31	
*17/*32	*17/*32	100%	*17;*32	
*17/*33	*17/*33	100%	*17;*33	
*17/*34	*17/*34	100%	*17;*34	
*17/*35	*17/*35	100%	*17;*35	
*17/*36	*17/*17	50%	*17	*36
*17/*36	*17/*17	50%	*17	*36
*17/*37	*17/*38	50%	*17	*37
*17/*37	*17/*38	50%	*17	*37
*17/*37	*17/*38	50%	*17	*37
*17/*37	*1/*17	50%	*17	*37
*17/*37	*1/*17	50%	*17	*37
*17/*38	*17/*38	100%	*17;*38	
*17/*39	*17/*39	100%	*17;*39	
*1/*7	*1/*7	100%	*1;*7	
*18/*18	*18/*18	100%	*18;*18	
*18/*19	*18/*19	100%	*18;*19	
*18/*22	*18/*22	100%	*18;*22	
*18/*23	*18/*23	100%	*18;*23	
*18/*24	*18/*24	100%	*18;*24	
*18/*25	*18/*25	100%	*18;*25	
*18/*26	*18/*26	100%	*18;*26	
*18/*28	*18/*28	100%	*18;*28	
*18/*29	*18/*29	100%	*18;*29	
*18/*30	*18/*30	100%	*18;*30	
*18/*31	*18/*31	100%	*18;*31	
*18/*32	*18/*32	100%	*18;*32	
*18/*33	*18/*33	100%	*18;*33	
*18/*34	*18/*34	100%	*18;*34	
*18/*35	*18/*35	100%	*18;*35	
*18/*36	*18/*18	50%	*18	*36
*18/*36	*18/*18	50%	*18	*36
*18/*37	*18/*38	50%	*18	*37
*18/*37	*18/*38	50%	*18	*37
*18/*37	*18/*38	50%	*18	*37
*18/*37	*18/*18	50%	*18	*37
*18/*37	*18/*18	50%	*18	*37
*18/*38	*18/*38	100%	*18;*38	
*18/*39	*18/*39	100%	*18;*39	
*1/*8	*1/*8	100%	*1;*8	
*19/*19	*19/*19	100%	*19;*19	
*19/*22	*19/*22	100%	*19;*22	
*19/*23	*19/*23	100%	*19;*23	
*19/*24	*19/*24	100%	*19;*24	
*19/*25	*19/*25	100%	*19;*25	
*19/*26	*19/*26	100%	*19;*26	
*19/*28	*19/*28	100%	*19;*28	
*19/*29	*19/*29	100%	*19;*29	
*19/*30	*19/*30	100%	*19;*30	
*19/*31	*19/*31	100%	*19;*31	
*19/*32	*19/*32	100%	*19;*32	
*19/*33	*19/*33	100%	*19;*33	
*19/*34	*19/*34	100%	*19;*34	
*19/*35	*19/*35	100%	*19;*35	
*19/*36	*19/*19	50%	*19	*36
*19/*36	*19/*19	50%	*19	*36
*19/*37	*19/*38	50%	*19	*37
*19/*37	*19/*38	50%	*19	*37
*19/*37	*19/*38	50%	*19	*37
*19/*37	*19/*19	50%	*19	*37
*19/*37	*19/*19	50%	*19	*37
*19/*38	*19/*38	100%	*19;*38	
*19/*39	*19/*39	100%	*19;*39	
*1/*9	*1/*9	100%	*1;*9	
*2/*10	*2/*10	100%	*2;*10	
*2/*11	*2/*11	100%	*2;*11	
*2/*12	*2/*12	100%	*2;*12	
*2/*13	*2/*13	100%	*2;*13	
*2/*14	*2/*14	100%	*2;*14	
*2/*15	*2/*15	100%	*2;*15	
*2/*16	*2/*16	100%	*2;*16	
*2/*17	*2/*17	100%	*2;*17	
*2/*18	*2/*18	100%	*2;*18	
*2/*19	*2/*19	100%	*2;*19	
*22/*22	*22/*22	100%	*22;*22	
*22/*23	*22/*23	100%	*22;*23	
*22/*24	*22/*24	100%	*22;*24	
*22/*25	*22/*25	100%	*22;*25	
*22/*26	*22/*26	100%	*22;*26	
*22/*28	*22/*28	100%	*22;*28	
*22/*29	*22/*29	100%	*22;*29	
*2/*22	*2/*22	100%	*2;*22	
*22/*30	*22/*30	100%	*22;*30	
*22/*31	*22/*31	100%	*22;*31	
*22/*32	*22/*32	100%	*22;*32	
*22/*33	*22/*33	100%	*22;*33	
*22/*34	*22/*34	100%	*22;*34	
*22/*35	*22/*35	100%	*22;*35	
*22/*36	*22/*22	50%	*22	*36
*22/*36	*22/*22	50%	*22	*36
*22/*37	*22/*38	50%	*22	*37
*22/*37	*22/*38	50%	*22	*37
*22/*37	*22/*38	50%	*22	*37
*22/*37	*22/*22	50%	*22	*37
*22/*37	*22/*22	50%	*22	*37
*22/*38	*22/*38	100%	*22;*38	
*22/*39	*22/*39	100%	*22;*39	
*2/*23	*2/*23	100%	*2;*23	
*2/*24	*2/*24	100%	*2;*24	
*2/*25	*2/*25	100%	*2;*25	
*2/*26	*2/*26	100%	*2;*26	
*2/*28	*2/*28	100%	*2;*28	
*2/*29	*2/*29	100%	*2;*29	
*2/*2	*2/*2	100%	*2;*2	
*2/*30	*2/*30	100%	*2;*30	
*2/*31	*2/*31	100%	*2;*31	
*23/*23	*23/*23	100%	*23;*23	
*23/*24	*23/*24	100%	*23;*24	
*23/*25	*23/*25	100%	*23;*25	
*23/*26	*23/*26	100%	*23;*26	
*23/*28	*23/*28	100%	*23;*28	
*23/*29	*23/*29	100%	*23;*29	
*2/*32	*2/*32	100%	*2;*32	
*23/*30	*23/*30	100%	*23;*30	
*23/*31	*23/*31	100%	*23;*31	
*23/*32	*23/*32	100%	*23;*32	
*23/*33	*23/*33	100%	*23;*33	
*23/*34	*23/*34	100%	*23;*34	
*23/*35	*23/*35	100%	*23;*35	
*23/*36	*23/*23	50%	*23	*36
*23/*36	*23/*23	50%	*23	*36
*23/*37	*23/*38	50%	*23	*37
*23/*37	*23/*38	50%	*23	*37
*23/*37	*23/*38	50%	*23	*37
*23/*37	*23/*23	50%	*23	*37
*23/*37	*23/*23	50%	*23	*37
*23/*38	*23/*38	100%	*23;*38	
*23/*39	*23/*39	100%	*23;*39	
*2/*33	*2/*33	100%	*2;*33	
*2/*34	*2/*34	100%	*2;*34	
*2/*35	*2/*35	100%	*2;*35	
*2/*36	*2/*2	50%	*2	*36
*2/*36	*2/*2	50%	*2	*36
*2/*37	*2/*2	50%	*2	*37
*2/*37	*2/*38	50%	*2	*37
*2/*37	*2/*38	50%	*2	*37
*2/*37	*2/*2	50%	*2	*37
*2/*37	*2/*2	50%	*2	*37
*2/*38	*2/*38	100%	*2;*38	
*2/*39	*2/*39	100%	*2;*39	
*2/*3	*2/*3	100%	*2;*3	
*24/*24	*24/*24	100%	*24;*24	
*24/*25	*24/*25	100%	*24;*25	
*24/*26	*24/*26	100%	*24;*26	
*24/*28	*24/*28	100%	*24;*28	
*24/*29	*24/*29	100%	*24;*29	
*24/*30	*24/*30	100%	*24;*30	
*24/*31	*24/*31	100%	*24;*31	
*24/*32	*24/*32	100%	*24;*32	
*24/*33	*24/*33	100%	*24;*33	
*24/*34	*24/*34	100%	*24;*34	
*24/*35	*24/*35	100%	*24;*35	
*24/*36	*24/*24	50%	*24	*36
*24/*36	*24/*24	50%	*24	*36
*24/*37	*24/*38	50%	*24	*37
*24/*37	*24/*38	50%	*24	*37
*24/*37	*24/*38	50%	*24	*37
*24/*37	*24/*24	50%	*24	*37
*24/*37	*24/*24	50%	*24	*37
*24/*38	*24/*38	100%	*24;*38	
*24/*39	*24/*39	100%	*24;*39	
*2/*4	*2/*4	100%	*2;*4	
*25/*25	*25/*25	100%	*25;*25	
*25/*26	*25/*26	100%	*25;*26	
*25/*28	*25/*28	100%	*25;*28	
*25/*29	*25/*29	100%	*25;*29	
*25/*30	*25/*30	100%	*25;*30	
*25/*31	*25/*31	100%	*25;*31	
*25/*32	*25/*32	100%	*25;*32	
*25/*33	*25/*33	100%	*25;*33	
*25/*34	*25/*34	100%	*25;*34	
*25/*35	*25/*35	100%	*25;*35	
*25/*36	*25/*25	50%	*25	*36
*25/*36	*25/*25	50%	*25	*36
*25/*37	*25/*38	50%	*25	*37
*25/*37	*25/*38	50%	*25	*37
*25/*37	*25/*38	50%	*25	*37
*25/*37	*1/*25	50%	*25	*37
*25/*37	*1/*25	50%	*25	*37
*25/*38	*25/*38	100%	*25;*38	
*25/*39	*25/*39	100%	*25;*39	
*2/*5	*2/*5	100%	*2;*5	
*26/*26	*26/*26	100%	*26;*26	
*26/*28	*26/*28	100%	*26;*28	
*26/*29	*26/*29	100%	*26;*29	
*26/*30	*26/*30	100%	*26;*30	
*26/*31	*26/*31	100%	*26;*31	
*26/*32	*26/*32	100%	*26;*32	
*26/*33	*26/*33	100%	*26;*33	
*26/*34	*26/*34	100%	*26;*34	
*26/*35	*26/*35	100%	*26;*35	
*26/*36	*26/*26	50%	*26	*36
*26/*36	*26/*26	50%	*26	*36
*26/*37	*26/*38	50%	*26	*37
*26/*37	*26/*38	50%	*26	*37
*26/*37	*26/*38	50%	*26	*37
*26/*37	*26/*26	50%	*26	*37
*26/*37	*26/*26	50%	*26	*37
*26/*38	*26/*38	100%	*26;*38	
*26/*39	*26/*39	100%	*26;*39	
*2/*6	*2/*6	100%	*2;*6	
*2/*7	*2/*7	100%	*2;*7	
*28/*28	*28/*28	100%	*28;*28	
*28/*29	*28/*29	100%	*28;*29	
*28/*30	*28/*30	100%	*28;*30	
*28/*31	*28/*31	100%	*28;*31	
*28/*32	*28/*32	100%	*28;*32	
*28/*33	*28/*33	100%	*28;*33	
*28/*34	*28/*34	100%	*28;*34	
*28/*35	*28/*35	100%	*28;*35	
*28/*36	*28/*28	50%	*28	*36
*28/*36	*28/*28	50%	*28	*36
*28/*37	*15/*28	50%	*28	*37
*28/*37	*28/*38	50%	*28	*37
*28/*37	*28/*38	50%	*28	*37
*28/*37	*28/*28	50%	*28	*37
*28/*37	*28/*28	50%	*28	*37
*28/*38	*28/*38	100%	*28;*38	
*28/*39	*28/*39	100%	*28;*39	
*2/*8	*2/*8	100%	*2;*8	
*29/*29	*29/*29	100%	*29;*29	
*29/*30	*29/*30	100%	*29;*30	
*29/*31	*29/*31	100%	*29;*31	
*29/*32	*29/*32	100%	*29;*32	
*29/*33	*29/*33	100%	*29;*33	
*29/*34	*29/*34	100%	*29;*34	
*29/*35	*29/*35	100%	*29;*35	
*29/*36	*29/*29	50%	*29	*36
*29/*36	*29/*29	50%	*29	*36
*29/*37	*29/*29	50%	*29	*37
*29/*37	*29/*38	50%	*29	*37
*29/*37	*29/*38	50%	*29	*37
*29/*37	*29/*29	50%	*29	*37
*29/*37	*29/*29	50%	*29	*37
*29/*38	*29/*38	100%	*29;*38	
*29/*39	*29/*39	100%	*29;*39	
*2/*9	*2/*9	100%	*2;*9	
*30/*30	*30/*30	100%	*30;*30	
*30/*31	*30/*31	100%	*30;*31	
*30/*32	*30/*32	100%	*30;*32	
*30/*33	*30/*33	100%	*30;*33	
*30/*34	*30/*34	100%	*30;*34	
*30/*35	*30/*35	100%	*30;*35	
*30/*36	*30/*30	50%	*30	*36
*30/*36	*30/*30	50%	*30	*36
*30/*37	*30/*30	50%	*30	*37
*30/*37	*30/*30	50%	*30	*37
*30/*37	*30/*38	50%	*30	*37
*30/*37	*30/*30	50%	*30	*37
*30/*37	*30/*30	50%	*30	*37
*30/*38	*30/*38	100%	*30;*38	
*30/*39	*30/*39	100%	*30;*39	
*3/*10	*3/*10	100%	*3;*10	
*3/*11	*3/*11	100%	*3;*11	
*3/*12	*3/*12	100%	*3;*12	
*31/*31	*31/*31	100%	*31;*31	
*31/*32	*31/*32	100%	*31;*32	
*31/*33	*31/*33	100%	*31;*33	
*31/*34	*31/*34	100%	*31;*34	
*31/*35	*31/*35	100%	*31;*35	
*31/*36	*31/*31	50%	*31	*36
*31/*36	*31/*31	50%	*31	*36
*31/*37	*31/*31	50%	*31	*37
*31/*37	*31/*38	50%	*31	*37
*31/*37	*31/*38	50%	*31	*37
*31/*37	*31/*31	50%	*31	*37
*31/*37	*31/*31	50%	*31	*37
*31/*38	*31/*38	100%	*31;*38	
*31/*39	*31/*39	100%	*31;*39	
*3/*13	*3/*13	100%	*3;*13	
*3/*14	*3/*14	100%	*3;*14	
*3/*15	*3/*15	100%	*3;*15	
*3/*16	*3/*16	100%	*3;*16	
*3/*17	*3/*17	100%	*3;*17	
*3/*18	*3/*18	100%	*3;*18	
*3/*19	*3/*19	100%	*3;*19	
*3/*22	*3/*22	100%	*3;*22	
*32/*32	*32/*32	100%	*32;*32	
*32/*33	*32/*33	100%	*32;*33	
*32/*34	*32/*34	100%	*32;*34	
*32/*35	*32/*35	100%	*32;*35	
*32/*36	*32/*32	50%	*32	*36
*32/*36	*32/*32	50%	*32	*36
*32/*37	*32/*38	50%	*32	*37
*32/*37	*32/*38	50%	*32	*37
*32/*37	*32/*38	50%	*32	*37
*32/*37	*32/*32	50%	*32	*37
*32/*37	*32/*32	50%	*32	*37
*32/*38	*32/*38	100%	*32;*38	
*32/*39	*32/*39	100%	*32;*39	
*3/*23	*3/*23	100%	*3;*23	
*3/*24	*3/*24	100%	*3;*24	
*3/*25	*3/*25	100%	*3;*25	
*3/*26	*3/*26	100%	*3;*26	
*3/*28	*3/*28	100%	*3;*28	
*3/*29	*3/*29	100%	*3;*29	
*3/*30	*3/*30	100%	*3;*30	
*3/*31	*3/*31	100%	*3;*31	
*3/*32	*3/*32	100%	*3;*32	
*33/*33	*33/*33	100%	*33;*33	
*33/*34	*33/*34	100%	*33;*34	
*33/*35	*33/*35	100%	*33;*35	
*33/*36	*33/*33	50%	*33	*36
*33/*36	*33/*33	50%	*33	*36
*33/*37	*33/*33	50%	*33	*37
*33/*37	*33/*38	50%	*33	*37
*33/*37	*33/*38	50%	*33	*37
*33/*37	*33/*33	50%	*33	*37
*33/*37	*33/*33	50%	*33	*37
*33/*38	*33/*38	100%	*33;*38	
*33/*39	*33/*39	100%	*33;*39	
*3/*33	*3/*33	100%	*3;*33	
*3/*34	*3/*34	100%	*3;*34	
*3/*35	*3/*35	100%	*3;*35	
*3/*36	*3/*3	50%	*3	*36
*3/*36	*3/*3	50%	*3	*36
*3/*37	*3/*3	50%	*3	*37
*3/*37	*3/*38	50%	*3	*37
*3/*37	*3/*38	50%	*3	*37
*3/*37	*3/*3	50%	*3	*37
*3/*37	*3/*3	50%	*3	*37
*3/*38	*3/*38	100%	*3;*38	
*3/*39	*3/*39	100%	*3;*39	
*3/*3	*3/*3	100%	*3;*3	
*34/*34	*34/*34	100%	*34;*34	
*34/*35	*34/*35	100%	*34;*35	
*34/*36	*34/*34	50%	*34	*36
*34/*36	*34/*34	50%	*34	*36
*34/*37	*34/*34	50%	*34	*37
*34/*37	*34/*34	50%	*34	*37
*34/*37	*34/*34	50%	*34	*37
*34/*37	*34/*34	50%	*34	*37
*34/*37	*34/*34	50%	*34	*37
*34/*38	*34/*38	100%	*34;*38	
*34/*39	*34/*39	100%	*34;*39	
*3/*4	*3/*4	100%	*3;*4	
*35/*35	*35/*35	100%	*35;*35	
*35/*36	*35/*35	50%	*35	*36
*35/*36	*35/*35	50%	*35	*36
*35/*37	*35/*35	50%	*35	*37
*35/*37	*35/*38	50%	*35	*37
*35/*37	*35/*38	50%	*35	*37
*35/*37	*35/*35	50%	*35	*37
*35/*37	*35/*35	50%	*35	*37
*35/*38	*35/*38	100%	*35;*38	
*35/*39	*35/*39	100%	*35;*39	
*3/*5	*3/*5	100%	*3;*5	
*36/*36	*38/*38	0%		*36;*36
*36/*36	*38/*38	0%		*36;*36
*36/*37	*38/*38	0%		*36;*37
*36/*37	*38/*38	0%		*36;*37
*36/*37	*38/*38	0%		*36;*37
*36/*37	*38/*38	0%		*36;*37
*36/*37	*38/*38	0%		*36;*37
*36/*38	*38/*38	50%	*38	*36
*36/*39	*39/*39	50%	*39	*36
*36/*36	*38/*38	0%		*36;*36
*36/*37	*38/*38	0%		*36;*37
*36/*37	*38/*38	0%		*36;*37
*36/*37	*38/*38	0%		*36;*37
*36/*37	*38/*38	0%		*36;*37
*36/*37	*38/*38	0%		*36;*37
*36/*38	*38/*38	50%	*38	*36
*36/*39	*39/*39	50%	*39	*36
*3/*6	*3/*6	100%	*3;*6	
*37/*37	*38/*38	0%		*37;*37
*37/*37	*38/*38	0%		*37;*37
*37/*37	*38/*38	0%		*37;*37
*37/*37	*38/*38	0%		*37;*37
*37/*37	*38/*38	0%		*37;*37
*37/*38	*38/*38	50%	*38	*37
*37/*39	*39/*39	50%	*39	*37
*37/*37	*38/*38	0%		*37;*37
*37/*37	*38/*38	0%		*37;*37
*37/*37	*38/*38	0%		*37;*37
*37/*37	*38/*38	0%		*37;*37
*37/*38	*38/*38	50%	*38	*37
*37/*39	*39/*39	50%	*39	*37
*37/*37	*38/*38	0%		*37;*37
*37/*37	*38/*38	0%		*37;*37
*37/*37	*38/*38	0%		*37;*37
*37/*38	*38/*38	50%	*38	*37
*37/*39	*15/*39	50%	*39	*37
*37/*37	*38/*38	0%		*37;*37
*37/*37	*38/*38	0%		*37;*37
*37/*38	*38/*38	50%	*38	*37
*37/*39	*39/*39	50%	*39	*37
*37/*37	*38/*38	0%		*37;*37
*37/*38	*38/*38	50%	*38	*37
*37/*39	*39/*39	50%	*39	*37
*3/*7	*3/*7	100%	*3;*7	
*38/*38	*38/*38	100%	*38;*38	
*38/*39	*38/*39	100%	*38;*39	
*3/*8	*3/*8	100%	*3;*8	
*39/*39	*39/*39	100%	*39;*39	
*3/*9	*3/*9	100%	*3;*9	
*4/*10	*4/*10	100%	*4;*10	
*4/*11	*4/*11	100%	*4;*11	
*4/*12	*4/*12	100%	*4;*12	
*4/*13	*4/*13	100%	*4;*13	
*4/*14	*4/*14	100%	*4;*14	
*4/*15	*4/*15	100%	*4;*15	
*4/*16	*4/*16	100%	*4;*16	
*4/*17	*1/*4	50%	*4	*17
*4/*18	*4/*18	100%	*4;*18	
*4/*19	*4/*19	100%	*4;*19	
*4/*22	*4/*22	100%	*4;*22	
*4/*23	*4/*23	100%	*4;*23	
*4/*24	*4/*24	100%	*4;*24	
*4/*25	*4/*25	100%	*4;*25	
*4/*26	*4/*26	100%	*4;*26	
*4/*28	*4/*28	100%	*4;*28	
*4/*29	*4/*29	100%	*4;*29	
*4/*30	*4/*30	100%	*4;*30	
*4/*31	*4/*31	100%	*4;*31	
*4/*32	*4/*32	100%	*4;*32	
*4/*33	*4/*33	100%	*4;*33	
*4/*34	*4/*34	100%	*4;*34	
*4/*35	*4/*35	100%	*4;*35	
*4/*36	*4/*4	50%	*4	*36
*4/*36	*4/*4	50%	*4	*36
*4/*37	*4/*4	50%	*4	*37
*4/*37	*4/*38	50%	*4	*37
*4/*37	*4/*38	50%	*4	*37
*4/*37	*4/*4	50%	*4	*37
*4/*37	*4/*4	50%	*4	*37
*4/*38	*4/*38	100%	*4;*38	
*4/*39	*4/*39	100%	*4;*39	
*4/*4	*4/*4	100%	*4;*4	
*4/*5	*4/*5	100%	*4;*5	
*4/*6	*4/*6	100%	*4;*6	
*4/*7	*4/*7	100%	*4;*7	
*4/*8	*4/*8	100%	*4;*8	
*4/*9	*4/*9	100%	*4;*9	
*5/*10	*5/*10	100%	*5;*10	
*5/*11	*5/*11	100%	*5;*11	
*5/*12	*5/*12	100%	*5;*12	
*5/*13	*5/*13	100%	*5;*13	
*5/*14	*5/*14	100%	*5;*14	
*5/*15	*5/*15	100%	*5;*15	
*5/*16	*5/*16	100%	*5;*16	
*5/*17	*5/*17	100%	*5;*17	
*5/*18	*5/*18	100%	*5;*18	
*5/*19	*5/*19	100%	*5;*19	
*5/*22	*5/*22	100%	*5;*22	
*5/*23	*5/*23	100%	*5;*23	
*5/*24	*5/*24	100%	*5;*24	
*5/*25	*5/*25	100%	*5;*25	
*5/*26	*5/*26	100%	*5;*26	
*5/*28	*5/*28	100%	*5;*28	
*5/*29	*5/*29	100%	*5;*29	
*5/*30	*5/*30	100%	*5;*30	
*5/*31	*5/*31	100%	*5;*31	
*5/*32	*5/*32	100%	*5;*32	
*5/*33	*5/*33	100%	*5;*33	
*5/*34	*5/*34	100%	*5;*34	
*5/*35	*5/*35	100%	*5;*35	
*5/*36	*5/*5	50%	*5	*36
*5/*36	*5/*5	50%	*5	*36
*5/*37	*5/*38	50%	*5	*37
*5/*37	*5/*38	50%	*5	*37
*5/*37	*5/*38	50%	*5	*37
*5/*37	*1/*5	50%	*5	*37
*5/*37	*1/*5	50%	*5	*37
*5/*38	*5/*38	100%	*5;*38	
*5/*39	*5/*39	100%	*5;*39	
*5/*5	*5/*5	100%	*5;*5	
*5/*6	*5/*6	100%	*5;*6	
*5/*7	*5/*7	100%	*5;*7	
*5/*8	*5/*8	100%	*5;*8	
*5/*9	*5/*9	100%	*5;*9	
*6/*10	*6/*10	100%	*6;*10	
*6/*11	*6/*11	100%	*6;*11	
*6/*12	*6/*12	100%	*6;*12	
*6/*13	*6/*13	100%	*6;*13	
*6/*14	*6/*14	100%	*6;*14	
*6/*15	*6/*15	100%	*6;*15	
*6/*16	*6/*16	100%	*6;*16	
*6/*17	*6/*17	100%	*6;*17	
*6/*18	*6/*18	100%	*6;*18	
*6/*19	*6/*19	100%	*6;*19	
*6/*22	*6/*22	100%	*6;*22	
*6/*23	*6/*23	100%	*6;*23	
*6/*24	*6/*24	100%	*6;*24	
*6/*25	*6/*25	100%	*6;*25	
*6/*26	*6/*26	100%	*6;*26	
*6/*28	*6/*28	100%	*6;*28	
*6/*29	*6/*29	100%	*6;*29	
*6/*30	*6/*30	100%	*6;*30	
*6/*31	*6/*31	100%	*6;*31	
*6/*32	*6/*32	100%	*6;*32	
*6/*33	*6/*33	100%	*6;*33	
*6/*34	*6/*34	100%	*6;*34	
*6/*35	*6/*35	100%	*6;*35	
*6/*36	*6/*6	50%	*6	*36
*6/*36	*6/*6	50%	*6	*36
*6/*37	*6/*6	50%	*6	*37
*6/*37	*6/*38	50%	*6	*37
*6/*37	*6/*38	50%	*6	*37
*6/*37	*6/*6	50%	*6	*37
*6/*37	*6/*6	50%	*6	*37
*6/*38	*6/*38	100%	*6;*38	
*6/*39	*6/*39	100%	*6;*39	
*6/*6	*6/*6	100%	*6;*6	
*6/*7	*6/*7	100%	*6;*7	
*6/*8	*6/*8	100%	*6;*8	
*6/*9	*6/*9	100%	*6;*9	
*7/*10	*7/*10	100%	*7;*10	
*7/*11	*7/*11	100%	*7;*11	
*7/*12	*7/*12	100%	*7;*12	
*7/*13	*7/*13	100%	*7;*13	
*7/*14	*7/*14	100%	*7;*14	
*7/*15	*7/*15	100%	*7;*15	
*7/*16	*7/*16	100%	*7;*16	
*7/*17	*7/*17	100%	*7;*17	
*7/*18	*7/*18	100%	*7;*18	
*7/*19	*7/*19	100%	*7;*19	
*7/*22	*7/*22	100%	*7;*22	
*7/*23	*7/*23	100%	*7;*23	
*7/*24	*7/*24	100%	*7;*24	
*7/*25	*7/*25	100%	*7;*25	
*7/*26	*7/*26	100%	*7;*26	
*7/*28	*7/*28	100%	*7;*28	
*7/*29	*7/*29	100%	*7;*29	
*7/*30	*7/*30	100%	*7;*30	
*7/*31	*7/*31	100%	*7;*31	
*7/*32	*7/*32	100%	*7;*32	
*7/*33	*7/*33	100%	*7;*33	
*7/*34	*7/*34	100%	*7;*34	
*7/*35	*7/*35	100%	*7;*35	
*7/*36	*7/*7	50%	*7	*36
*7/*36	*7/*7	50%	*7	*36
*7/*37	*7/*38	50%	*7	*37
*7/*37	*7/*38	50%	*7	*37
*7/*37	*7/*38	50%	*7	*37
*7/*37	*7/*7	50%	*7	*37
*7/*37	*7/*7	50%	*7	*37
*7/*38	*7/*38	100%	*7;*38	
*7/*39	*7/*39	100%	*7;*39	
*7/*7	*7/*7	100%	*7;*7	
*7/*8	*7/*8	100%	*7;*8	
*7/*9	*7/*9	100%	*7;*9	
*8/*10	*8/*10	100%	*8;*10	
*8/*11	*8/*11	100%	*8;*11	
*8/*12	*8/*12	100%	*8;*12	
*8/*13	*8/*13	100%	*8;*13	
*8/*14	*8/*14	100%	*8;*14	
*8/*15	*8/*15	100%	*8;*15	
*8/*16	*8/*16	100%	*8;*16	
*8/*17	*8/*17	100%	*8;*17	
*8/*18	*8/*18	100%	*8;*18	
*8/*19	*8/*19	100%	*8;*19	
*8/*22	*8/*22	100%	*8;*22	
*8/*23	*8/*23	100%	*8;*23	
*8/*24	*8/*24	100%	*8;*24	
*8/*25	*8/*25	100%	*8;*25	
*8/*26	*8/*26	100%	*8;*26	
*8/*28	*8/*28	100%	*8;*28	
*8/*29	*8/*29	100%	*8;*29	
*8/*30	*8/*30	100%	*8;*30	
*8/*31	*8/*31	100%	*8;*31	
*8/*32	*8/*32	100%	*8;*32	
*8/*33	*8/*33	100%	*8;*33	
*8/*34	*8/*34	100%	*8;*34	
*8/*35	*8/*35	100%	*8;*35	
*8/*36	*8/*8	50%	*8	*36
*8/*36	*8/*8	50%	*8	*36
*8/*37	*8/*8	50%	*8	*37
*8/*37	*8/*8	50%	*8	*37
*8/*37	*8/*38	50%	*8	*37
*8/*37	*8/*8	50%	*8	*37
*8/*37	*8/*8	50%	*8	*37
*8/*38	*8/*38	100%	*8;*38	
*8/*39	*8/*39	100%	*8;*39	
*8/*8	*8/*8	100%	*8;*8	
*8/*9	*8/*9	100%	*8;*9	
*9/*10	*9/*10	100%	*9;*10	
*9/*11	*9/*11	100%	*9;*11	
*9/*12	*9/*12	100%	*9;*12	
*9/*13	*9/*13	100%	*9;*13	
*9/*14	*9/*14	100%	*9;*14	
*9/*15	*9/*15	100%	*9;*15	
*9/*16	*9/*16	100%	*9;*16	
*9/*17	*9/*17	100%	*9;*17	
*9/*18	*9/*18	100%	*9;*18	
*9/*19	*9/*19	100%	*9;*19	
*9/*22	*9/*22	100%	*9;*22	
*9/*23	*9/*23	100%	*9;*23	
*9/*24	*9/*24	100%	*9;*24	
*9/*25	*9/*25	100%	*9;*25	
*9/*26	*9/*26	100%	*9;*26	
*9/*28	*9/*28	100%	*9;*28	
*9/*29	*9/*29	100%	*9;*29	
*9/*30	*9/*30	100%	*9;*30	
*9/*31	*9/*31	100%	*9;*31	
*9/*32	*9/*32	100%	*9;*32	
*9/*33	*9/*33	100%	*9;*33	
*9/*34	*9/*34	100%	*9;*34	
*9/*35	*9/*35	100%	*9;*35	
*9/*36	*9/*9	50%	*9	*36
*9/*36	*9/*9	50%	*9	*36
*9/*37	*9/*38	50%	*9	*37
*9/*37	*9/*38	50%	*9	*37
*9/*37	*9/*38	50%	*9	*37
*9/*37	*9/*9	50%	*9	*37
*9/*37	*9/*9	50%	*9	*37
*9/*38	*9/*38	100%	*9;*38	
*9/*39	*9/*39	100%	*9;*39	
*9/*9	*9/*9	100%	*9;*9	
